control_id,process,sub_process,risk_id,risk_title,risk_description,wcgw,control_id_ref,control_title,control_description,control_type,control_nature,frequency,assertion,owner_function,key_control,automation,evidence_expected,test_procedure,referential_mapping
P2P-001,Procure-to-Pay,Vendor Master Data,R-P2P-01,Fournisseur fictif,Création d'un fournisseur fictif permettant des décaissements frauduleux,Un employé crée un fournisseur fictif à son nom pour détourner des paiements,C-P2P-01,Validation par un tiers de la création de fournisseur,Toute création de fournisseur dans l'ERP doit être validée par une personne distincte du demandeur,Préventif,Manuel,Permanent,Existence,Comptabilité Fournisseurs,Oui,Semi-auto,Workflow d'approbation + journal d'audit ERP,Sélectionner 25 créations de fournisseurs sur la période. Vérifier la validation par un tiers indépendant.,COSO / SOX
P2P-002,Procure-to-Pay,Vendor Master Data,R-P2P-02,Doublons fournisseurs,Doublons dans la base fournisseurs entraînant double paiement,Plusieurs fiches pour un même fournisseur permettent des paiements en doublon,C-P2P-02,Contrôle anti-doublons sur SIRET et IBAN,L'ERP bloque la création si SIRET ou IBAN existe déjà. Revue trimestrielle des doublons potentiels,Préventif,Automatique,Continu,Exactitude,Comptabilité Fournisseurs,Oui,Auto,Rapport ERP des doublons + paramétrage du contrôle,Tester par tentative de création d'un doublon. Fuzzy matching sur la base.,COSO
P2P-003,Procure-to-Pay,Vendor Master Data,R-P2P-03,Modification IBAN frauduleuse,Modification non autorisée des coordonnées bancaires fournisseur,Un attaquant modifie l'IBAN pour rediriger les paiements,C-P2P-03,Double validation des modifications d'IBAN avec callback,Toute modification d'IBAN nécessite double validation et appel de confirmation au fournisseur sur un numéro vérifié,Préventif,Manuel,Permanent,Existence,Comptabilité Fournisseurs,Oui,Manuel,Trace de l'appel + double validation,Sélectionner 15 modifications d'IBAN. Vérifier le callback et la double validation.,AFA Sapin 2 / ANSSI
P2P-004,Procure-to-Pay,Purchase Requisition,R-P2P-04,Achat hors budget,Engagement de dépenses au-delà du budget alloué,Un manager engage des dépenses sans contrôle budgétaire,C-P2P-04,Contrôle budgétaire bloquant à l'engagement,L'ERP vérifie la disponibilité budgétaire avant validation. Blocage sauf override Direction,Préventif,Automatique,Continu,Autorisation,Contrôle de Gestion,Oui,Auto,Paramétrage ERP + log des overrides,Tenter une saisie au-delà du budget. Lister les overrides et les justifier.,COSO
P2P-005,Procure-to-Pay,Purchase Requisition,R-P2P-05,Fractionnement de commandes,Découpage volontaire pour passer sous les seuils de validation,Contournement de la matrice de délégation par fractionnement,C-P2P-05,Détection des commandes fractionnées,Revue mensuelle des commandes au même fournisseur sur 30 jours glissants,Détectif,Manuel,Mensuel,Autorisation,Audit Interne,Non,Semi-auto,Rapport d'analyse + justifications,Extraire les commandes par fournisseur. Identifier les patterns proches des seuils.,AFA Sapin 2
P2P-006,Procure-to-Pay,Purchase Order,R-P2P-06,Commande sans appel d'offres,Attribution directe contournant les règles de mise en concurrence,Favoritisme ou conflit d'intérêt avec un fournisseur,C-P2P-06,Mise en concurrence obligatoire au-delà d'un seuil,Au-delà de 50k EUR trois devis sont obligatoires. Justification écrite si dérogation,Préventif,Manuel,Permanent,Autorisation,Direction Achats,Oui,Manuel,Devis comparatifs + fiche de dérogation,Sélectionner 30 commandes >50k. Vérifier les 3 devis ou la dérogation.,AFA Sapin 2
P2P-007,Procure-to-Pay,Purchase Order,R-P2P-07,Conflit d'intérêt acheteur,Acheteur ayant un lien personnel avec un fournisseur,Avantage indu accordé à un fournisseur lié à l'acheteur,C-P2P-07,Déclaration annuelle de conflits d'intérêts,Tous les acheteurs signent une déclaration annuelle. Cross-check avec la base fournisseurs,Préventif,Manuel,Annuel,Autorisation,RH / Compliance,Oui,Manuel,Déclarations + rapport de cross-check,Vérifier 100% de signatures. Fuzzy match acheteurs vs dirigeants fournisseurs.,AFA Sapin 2
P2P-008,Procure-to-Pay,Goods Receipt,R-P2P-08,Réception fictive,Enregistrement d'une réception de marchandise non livrée,Détournement permettant un paiement sans contrepartie,C-P2P-08,Ségrégation des tâches réception et paiement,La personne qui réceptionne ne peut ni créer le fournisseur ni valider le paiement,Préventif,Automatique,Continu,Existence,IT / Comptabilité,Oui,Auto,Matrice SoD + rapport des droits ERP,Extraire la matrice SoD. Identifier les utilisateurs cumulant des droits incompatibles.,COSO / SOX
P2P-009,Procure-to-Pay,Goods Receipt,R-P2P-09,Quantité reçue erronée,Erreur dans la quantité enregistrée vs livrée,Surévaluation des stocks et paiement excédentaire,C-P2P-09,Three-way match obligatoire,Le système bloque si la facture ne correspond pas au PO et au bon de réception,Préventif,Automatique,Continu,Exactitude,IT / Comptabilité,Oui,Auto,Paramétrage 3WM + rapport d'exceptions,Lister les factures payées sans 3WM. Justifier les overrides.,COSO / SOX
P2P-010,Procure-to-Pay,Invoice Processing,R-P2P-10,Facture en doublon,Paiement d'une même facture deux fois,Erreur de saisie ou fraude avec scan multiple,C-P2P-10,Contrôle anti-doublon sur numéro de facture,L'ERP bloque toute saisie si numéro de facture déjà enregistré pour le fournisseur sur 24 mois,Préventif,Automatique,Continu,Exactitude,Comptabilité Fournisseurs,Oui,Auto,Paramétrage ERP + tentatives bloquées,"Tester la création d'un doublon. Check sur (fournisseur,numéro,montant) sur 24 mois.",COSO
P2P-011,Procure-to-Pay,Invoice Processing,R-P2P-11,Facture sans commande,Paiement d'une facture sans PO préalable,Achat non autorisé régularisé après coup,C-P2P-11,Procédure d'achat sans PO encadrée,Les factures sans PO (catégories autorisées) doivent être validées par manager + Finance,Détectif,Manuel,Permanent,Autorisation,Finance,Non,Semi-auto,Liste factures sans PO + justifications,Extraire les factures sans PO. Vérifier la catégorie et la double validation.,COSO
P2P-012,Procure-to-Pay,Payment,R-P2P-12,Paiement non autorisé,Décaissement sans validation hiérarchique appropriée,Détournement par contournement de la matrice de signature,C-P2P-12,Matrice de signatures bancaires multi-niveaux,1 sig jusqu'à 10k - 2 sig 10-100k - 2 sig dont dirigeant >100k,Préventif,Manuel,Permanent,Autorisation,Trésorerie,Oui,Manuel,Matrice signatures + fichiers signés,Sélectionner 25 paiements de chaque tranche. Vérifier la conformité à la matrice.,COSO / SOX
P2P-013,Procure-to-Pay,Payment,R-P2P-13,Paiement vers compte non maître,Paiement vers un IBAN non présent dans la base fournisseurs,Fraude au virement (CEO fraud),C-P2P-13,Cohérence IBAN paiement vs master,Le fichier de paiement est rapproché de la base fournisseurs avant transmission,Préventif,Automatique,Permanent,Existence,Trésorerie,Oui,Auto,Log de rapprochement + exceptions,Tenter d'introduire un IBAN différent. Vérifier le blocage.,ANSSI / AFA
P2P-014,Procure-to-Pay,Payment,R-P2P-14,Paiement vers pays sensible,Paiement vers une juridiction sanctionnée,Violation des sanctions internationales,C-P2P-14,Screening anti-blanchiment et sanctions,Tout paiement international screené contre OFAC/UE/ONU avant exécution,Préventif,Automatique,Continu,Conformité,Compliance,Oui,Auto,Logs du screening + hits investigués,Tester avec un nom de la liste OFAC. Vérifier le screening.,AFA / FATF
P2P-015,Procure-to-Pay,Reconciliation,R-P2P-15,Compte fournisseur non lettré,Écritures non lettrées anciennes sur les comptes fournisseurs,Risque de dissimulation de fraude ou erreur,C-P2P-15,Lettrage et analyse mensuelle,Lettrage automatique mensuel + revue manuelle des écritures >60 jours,Détectif,Manuel,Mensuel,Exactitude,Comptabilité Fournisseurs,Non,Semi-auto,Balance âgée + justifications,Sélectionner 20 items >60j non lettrés. Demander justification et action.,COSO
OTC-001,Order-to-Cash,Customer Master Data,R-OTC-01,Client fictif ou non vérifié,Création d'un client fictif permettant des ventes frauduleuses ou contournement des limites de crédit,Un commercial crée un client fictif pour gonfler ses chiffres ou détourner,C-OTC-01,Validation par un tiers de la création de client,Toute création de client validée par une personne distincte du demandeur. KYC documenté,Préventif,Manuel,Permanent,Existence,Crédit / Comptabilité,Oui,Semi-auto,Workflow ERP + dossier KYC,Sélectionner 25 créations de clients. Vérifier validation indépendante et complétude KYC.,COSO / SOX
OTC-002,Order-to-Cash,Customer Master Data,R-OTC-02,Limite de crédit non revue,Limites de crédit obsolètes exposant à des impayés,Client en difficulté financière conserve une limite de crédit élevée,C-OTC-02,Revue annuelle des limites de crédit,Revue annuelle de toutes les limites avec scoring crédit. Mise à jour ou retrait selon analyse,Détectif,Manuel,Annuel,Évaluation,Direction Crédit,Oui,Semi-auto,Rapport de revue + scores crédit,Échantillonner 30 clients actifs. Vérifier date de dernière revue et cohérence avec score.,COSO
OTC-003,Order-to-Cash,Customer Master Data,R-OTC-03,Modification non autorisée RIB client,Modification frauduleuse pour rediriger un remboursement,Modification interne ou externe pour détourner un remboursement,C-OTC-03,Double validation des modifications RIB,Toute modification de RIB de remboursement nécessite double validation et trace,Préventif,Manuel,Permanent,Existence,Comptabilité Clients,Oui,Manuel,Workflow + journal d'audit,Sélectionner 15 modifications. Vérifier double validation et justification.,ANSSI / AFA
OTC-004,Order-to-Cash,Order Entry,R-OTC-04,Commande au-delà de la limite de crédit,Acceptation d'une commande dépassant l'encours autorisé,Pression commerciale fait passer outre la limite de crédit,C-OTC-04,Blocage automatique sur dépassement crédit,L'ERP bloque toute commande qui ferait dépasser la limite. Override Direction Crédit uniquement,Préventif,Automatique,Continu,Évaluation,Crédit / IT,Oui,Auto,Paramétrage ERP + log overrides,Tester un dépassement. Lister tous les overrides et vérifier les autorisations.,COSO / SOX
OTC-005,Order-to-Cash,Order Entry,R-OTC-05,Prix ou remise non autorisé,Application d'un prix ou d'une remise hors barème,Avantage indu accordé à un client par un commercial,C-OTC-05,Matrice de délégation des prix et remises,Toute remise au-delà du barème nécessite validation hiérarchique selon matrice,Préventif,Manuel,Permanent,Autorisation,Direction Commerciale,Oui,Semi-auto,Matrice + workflow d'approbation,Échantillonner 30 commandes avec remises. Vérifier la conformité à la matrice.,COSO
OTC-006,Order-to-Cash,Shipping,R-OTC-06,Livraison sans commande,Expédition de marchandises sans bon de commande validé,Vol ou cadeau non autorisé,C-OTC-06,Matching commande - livraison,L'ERP exige une commande validée avant édition du bon de livraison,Préventif,Automatique,Continu,Existence,Logistique / IT,Oui,Auto,Paramétrage ERP,Tenter une expédition sans commande. Vérifier le blocage.,COSO / SOX
OTC-007,Order-to-Cash,Shipping,R-OTC-07,Cut-off de livraison,Erreur de période d'enregistrement des livraisons en fin de période,Comptabilisation décalée gonflant ou minorant le CA,C-OTC-07,Procédure de cut-off documentée et testée,Procédure formelle de cut-off avec rapprochement physique fin de période,Détectif,Manuel,Mensuel,Cut-off,Logistique / Comptabilité,Oui,Manuel,Procédure + PV de cut-off,Vérifier 10 dernières livraisons du mois et 10 premières du suivant. Conformité comptable.,COSO / SOX
OTC-008,Order-to-Cash,Invoicing,R-OTC-08,Facture non émise pour livraison,Livraison effectuée sans facture émise,Perte de revenu ou erreur de facturation,C-OTC-08,Rapprochement automatique livraisons / factures,Rapport quotidien des livraisons sans facture émise sous 48h. Suivi par Comptabilité,Détectif,Automatique,Quotidien,Exhaustivité,Comptabilité Clients,Oui,Auto,Rapport de rapprochement + actions,Extraire les livraisons sans facture sur la période. Documenter les raisons.,COSO / SOX
OTC-009,Order-to-Cash,Invoicing,R-OTC-09,Facture inexacte (prix ou TVA),Facture émise avec un prix erroné ou un taux de TVA incorrect,Erreur de paramétrage ERP ou saisie manuelle,C-OTC-09,Contrôle automatique cohérence prix et TVA,L'ERP applique le tarif catalogue et le taux TVA selon paramétrage. Modifications tracées,Préventif,Automatique,Continu,Exactitude,Comptabilité / IT,Oui,Auto,Paramétrage tarif et TVA + journal,Tenter une saisie hors barème. Échantillonner 25 factures et vérifier les calculs.,COSO / SOX
OTC-010,Order-to-Cash,Revenue Recognition,R-OTC-10,Reconnaissance prématurée du revenu,Comptabilisation du CA avant transfert effectif des risques,Pression sur le résultat fait avancer la reconnaissance,C-OTC-10,Politique de revenue recognition documentée,Politique IFRS 15 / ASC 606 documentée. Validation Comptable pour cas complexes,Préventif,Manuel,Permanent,Cut-off,Comptabilité / DAF,Oui,Manuel,Politique + dossiers de validation,Échantillonner 20 contrats complexes. Vérifier cohérence avec la politique.,IFRS 15 / SOX
OTC-011,Order-to-Cash,Cash Application,R-OTC-11,Encaissement mal alloué,Encaissement affecté à un mauvais compte client,Erreur de saisie ou détournement par lettrage frauduleux,C-OTC-11,Lettrage automatique avec contrôle des écarts,Lettrage automatique sur référence facture. Revue manuelle des écarts,Détectif,Automatique,Quotidien,Exactitude,Comptabilité Clients,Oui,Semi-auto,Rapport de lettrage + écarts,Extraire les encaissements non lettrés. Échantillonner et investiguer.,COSO
OTC-012,Order-to-Cash,Credit Notes,R-OTC-12,Avoir non justifié,Émission d'un avoir client sans justification valide,Détournement par avoir frauduleux à un complice,C-OTC-12,Validation indépendante des avoirs,Tout avoir au-delà d'un seuil validé par un manager indépendant du commercial,Préventif,Manuel,Permanent,Autorisation,Direction Commerciale,Oui,Semi-auto,Workflow + justificatifs,"Sélectionner 25 avoirs. Vérifier la validation et la justification (retour, litige).",COSO / SOX
OTC-013,Order-to-Cash,Collections,R-OTC-13,Créances anciennes non provisionnées,Impayés non identifiés ou non dépréciés,Surévaluation des créances clients au bilan,C-OTC-13,Provisionnement systématique selon balance âgée,Provision auto selon antériorité. Revue trimestrielle au cas par cas,Détectif,Manuel,Trimestriel,Évaluation,Comptabilité / DAF,Oui,Semi-auto,Balance âgée + politique de provision,Recalculer la provision sur la balance âgée. Vérifier les cas spécifiques.,COSO / IFRS 9
OTC-014,Order-to-Cash,Collections,R-OTC-14,Passage en perte sans validation,Sortie d'une créance des comptes sans autorisation appropriée,Dissimulation d'un détournement par passage en perte,C-OTC-14,Matrice de validation des passages en perte,Toute écriture de perte sur créance validée selon matrice montant. >100k = Direction,Préventif,Manuel,Permanent,Autorisation,DAF,Oui,Manuel,Matrice + dossiers de validation,Lister tous les passages en perte. Vérifier les autorisations selon montants.,COSO / SOX
OTC-015,Order-to-Cash,Reconciliation,R-OTC-15,Sous-grand-livre clients non rapproché,Écart entre la balance auxiliaire et le grand livre,Erreur ou manipulation comptable non détectée,C-OTC-15,Rapprochement mensuel sous-grand-livre / GL,Rapprochement formalisé chaque mois. Validation par responsable comptable,Détectif,Manuel,Mensuel,Exactitude,Comptabilité Clients,Oui,Semi-auto,Rapprochement signé,Sélectionner 3 mois. Vérifier le rapprochement et la résolution des écarts.,COSO / SOX
RTR-001,Record-to-Report,Journal Entries,R-RTR-01,Écriture manuelle non autorisée,Saisie d'une écriture comptable manuelle sans validation,Manipulation des comptes par écriture non revue,C-RTR-01,Workflow d'approbation des écritures manuelles,Toute écriture manuelle saisie par un préparateur et validée par un réviseur indépendant,Préventif,Manuel,Permanent,Autorisation,Comptabilité,Oui,Semi-auto,Workflow ERP + journal d'audit,Échantillonner 30 écritures manuelles. Vérifier préparateur ≠ réviseur et validation.,COSO / SOX
RTR-002,Record-to-Report,Journal Entries,R-RTR-02,Écriture passée hors période d'ouverture,Écriture passée sur une période fermée,Modification rétroactive des comptes,C-RTR-02,Verrouillage automatique des périodes,L'ERP bloque toute saisie sur période fermée. Réouverture nécessite approbation DAF,Préventif,Automatique,Continu,Cut-off,IT / Comptabilité,Oui,Auto,Paramétrage périodes + log de réouverture,Tester une saisie sur période fermée. Lister les réouvertures et leurs motifs.,COSO / SOX
RTR-003,Record-to-Report,Journal Entries,R-RTR-03,Écriture passée par utilisateur incompatible,Cumul de droits ERP permettant manipulation,Préparation et validation par la même personne,C-RTR-03,Ségrégation des tâches sur les écritures,Matrice SoD ERP : préparation et validation des écritures séparées par profil,Préventif,Automatique,Continu,Autorisation,IT / Comptabilité,Oui,Auto,Matrice SoD + rapport droits,Extraire la matrice SoD. Identifier les conflits sur les écritures.,COSO / SOX
RTR-004,Record-to-Report,Account Reconciliations,R-RTR-04,Compte de bilan non rapproché,Compte de bilan présentant un solde non justifié,Erreur ou manipulation non détectée,C-RTR-04,Rapprochement mensuel des comptes de bilan,Tous les comptes de bilan rapprochés mensuellement. Validation hiérarchique,Détectif,Manuel,Mensuel,Exactitude,Comptabilité,Oui,Semi-auto,Dossiers de rapprochement signés,Échantillonner 15 comptes. Vérifier le rapprochement et la résolution des items en suspens.,COSO / SOX
RTR-005,Record-to-Report,Account Reconciliations,R-RTR-05,Items en suspens non résolus,Items réconciliants non traités s'accumulant dans le temps,Dissimulation d'erreurs ou de fraudes,C-RTR-05,Aging et escalade des items en suspens,Items >90j escaladés au DAF mensuellement avec plan de résolution,Détectif,Manuel,Mensuel,Exactitude,Comptabilité / DAF,Non,Semi-auto,Rapport aging + plans d'action,Extraire la liste des items en suspens >90j. Vérifier le suivi.,COSO
RTR-006,Record-to-Report,Intercompany,R-RTR-06,Écart d'élimination intercompagnie,Différence non éliminée entre filiales lors de la consolidation,Double comptage ou perte de revenu non éliminé,C-RTR-06,Rapprochement intercompagnie mensuel,Rapprochement formalisé entre toutes les entités. Écarts >seuil investigués,Détectif,Manuel,Mensuel,Exactitude,Comptabilité Groupe,Oui,Semi-auto,Matrice IC + rapprochements,Extraire les écarts IC sur la période. Vérifier la résolution.,COSO / SOX
RTR-007,Record-to-Report,Closing,R-RTR-07,Délai de clôture non respecté,Clôture publiée en retard ou bouclée précipitamment,Qualité dégradée ou information non fiable,C-RTR-07,Calendrier de clôture détaillé et suivi,Calendrier J+ détaillé par étape. Réunion quotidienne pendant le closing,Préventif,Manuel,Mensuel,Exhaustivité,Comptabilité / DAF,Non,Manuel,Calendrier + comptes-rendus,Vérifier le respect du calendrier sur 3 clôtures. Lister les retards et causes.,COSO
RTR-008,Record-to-Report,Closing,R-RTR-08,Provision non documentée,Provision passée sans justification ou sous-évaluée,Lissage du résultat (cookie jar accounting),C-RTR-08,Dossier de provision avec justificatif,"Toute provision >seuil documentée avec hypothèses, calcul et validation DAF",Préventif,Manuel,Mensuel,Évaluation,DAF,Oui,Manuel,Dossiers de provision,Échantillonner 15 provisions. Vérifier la documentation et la validation.,COSO / SOX
RTR-009,Record-to-Report,Closing,R-RTR-09,Estimations comptables biaisées,"Hypothèses retenues pour estimations (impairment, dépréciations) biaisées",Manipulation du résultat par hypothèses,C-RTR-09,Revue indépendante des hypothèses,Hypothèses des estimations significatives revues par DAF et auditeurs externes,Détectif,Manuel,Trimestriel,Évaluation,DAF / Audit Externe,Oui,Manuel,Notes d'hypothèses + revues,Vérifier la cohérence des hypothèses dans le temps. Comparer aux benchmarks sectoriels.,COSO / IFRS
RTR-010,Record-to-Report,Consolidation,R-RTR-10,Erreur de conversion de devises,Mauvaise application du taux de change en consolidation,Distorsion des comptes consolidés,C-RTR-10,Paramétrage centralisé des taux de change,Taux centralisés mensuellement. Application automatique selon norme (clôture / moyen),Préventif,Automatique,Mensuel,Exactitude,Comptabilité Groupe / IT,Oui,Auto,Table des taux + journal d'application,Recalculer la conversion sur 5 entités. Vérifier le taux appliqué selon le compte.,COSO / IAS 21
RTR-011,Record-to-Report,Consolidation,R-RTR-11,Périmètre de consolidation incomplet,Entité contrôlée non incluse dans le périmètre,Sous-évaluation du groupe,C-RTR-11,Revue trimestrielle du périmètre,"Revue avec Juridique des participations + déclencheurs (acquisition, perte de contrôle)",Préventif,Manuel,Trimestriel,Exhaustivité,Comptabilité Groupe / Juridique,Oui,Manuel,PV de revue + matrice périmètre,Comparer la matrice du périmètre avec les participations Juridique. Vérifier les mouvements.,COSO / IFRS 10
RTR-012,Record-to-Report,Reporting,R-RTR-12,Erreur dans le reporting financier externe,"Information publique inexacte (annexes, communication financière)",Préjudice réputationnel et risque de sanction,C-RTR-12,Revue multi-niveaux du reporting externe,Comptes annuels et communication revus par DAF + Direction Générale + CAC + Comité d'Audit,Détectif,Manuel,Annuel,Exactitude,DAF / Direction,Oui,Manuel,Versions revues + traces de revue,Vérifier la trace de revue à chaque niveau. Recalculer 10 chiffres clés.,COSO / SOX
RTR-013,Record-to-Report,Tax,R-RTR-13,Charge d'impôt mal calculée,Erreur dans la liasse fiscale ou les impôts différés,Risque fiscal et redressement,C-RTR-13,Validation des liasses fiscales par expert,Toute liasse revue par fiscaliste interne ou cabinet externe avant dépôt,Détectif,Manuel,Annuel,Exactitude,Fiscalité,Oui,Manuel,Liasses + notes de revue,Vérifier la trace de revue. Échantillonner 5 retraitements et recalculer.,COSO / IAS 12
RTR-014,Record-to-Report,System Access,R-RTR-14,Accès trop large au grand livre,Utilisateurs avec droits étendus non métier,Risque d'écriture frauduleuse ou erreur,C-RTR-14,Revue trimestrielle des accès comptables,Revue par Comptabilité + IT des profils ayant accès aux écritures et au paramétrage,Détectif,Manuel,Trimestriel,Autorisation,Comptabilité / IT,Oui,Semi-auto,Rapports d'accès + revues,Extraire les utilisateurs avec droits sensibles. Vérifier la justification métier.,COSO / SOX
HR-001,Human Resources,Recruitment,R-HR-01,Recrutement non autorisé,Embauche sans budget validé ou poste approuvé,Coût RH non maîtrisé,C-HR-01,Validation préalable des ouvertures de poste,Toute ouverture validée selon matrice (manager + RH + Finance). Headcount tracé,Préventif,Manuel,Permanent,Autorisation,RH / Finance,Oui,Semi-auto,Workflow d'ouverture de poste,Sélectionner 20 embauches. Vérifier la trace d'ouverture validée préalable.,COSO
HR-002,Human Resources,Recruitment,R-HR-02,Vérification d'antécédents non effectuée,Embauche sans contrôle de références ou de diplômes,Risque réputationnel et fraude,C-HR-02,Background check systématique,Vérification références + diplômes + casier (selon poste) avant signature du contrat,Préventif,Manuel,Permanent,Existence,RH,Oui,Manuel,Dossier candidat avec justificatifs,Échantillonner 25 dossiers d'embauche. Vérifier la complétude des background checks.,COSO
HR-003,Human Resources,Onboarding,R-HR-03,Accès donné avant signature,Création des accès SI avant signature effective du contrat,Risque juridique et sécuritaire,C-HR-03,Liens RH-IT pour création des accès,Création des accès SI déclenchée par signature du contrat dans SIRH (workflow auto),Préventif,Automatique,Permanent,Autorisation,RH / IT,Oui,Auto,Workflow SIRH-IT,Tester un cas. Échantillonner 20 onboardings et vérifier les dates contrat / accès.,COSO / RGPD
HR-004,Human Resources,Onboarding,R-HR-04,Salarié non déclaré,Travail dissimulé par défaut de DPAE,Sanction URSSAF + risque pénal,C-HR-04,DPAE systématique avant prise de poste,DPAE émise au moins 24h avant prise de poste. Trace conservée,Préventif,Manuel,Permanent,Conformité,RH,Oui,Manuel,Accusés DPAE,Échantillonner 25 embauches. Vérifier la DPAE et l'antériorité vs prise de poste.,Code du Travail
HR-005,Human Resources,Employee Data,R-HR-05,Modification non autorisée du salaire ou poste,Modification de paramètres sensibles sans validation,Fraude ou erreur de paie,C-HR-05,Workflow de modification avec double validation,Modifications de salaire / titre / centre de coût validées par manager + RH,Préventif,Manuel,Permanent,Autorisation,RH,Oui,Semi-auto,Workflow SIRH + journal d'audit,Échantillonner 20 modifications. Vérifier la double validation.,COSO / SOX
HR-006,Human Resources,Time and Attendance,R-HR-06,Pointage frauduleux,Saisie de temps non effectivement travaillé,Surcoût payé indûment,C-HR-06,Validation hiérarchique des feuilles de temps,Toutes les feuilles de temps validées par le manager avant traitement paie,Détectif,Manuel,Mensuel,Exactitude,Manager / RH,Oui,Semi-auto,Feuilles validées + workflow,Échantillonner 30 feuilles. Vérifier la trace de validation manager.,COSO
HR-007,Human Resources,Performance,R-HR-07,Bonus calculé sans support,Versement de bonus sans formalisation des critères ou de l'évaluation,Subjectivité ou favoritisme,C-HR-07,Politique bonus formalisée et tracée,Politique bonus écrite. Évaluation et calcul tracés et validés,Préventif,Manuel,Annuel,Exactitude,RH / Direction,Oui,Manuel,Politique + dossiers individuels,Échantillonner 20 bonus. Vérifier la cohérence avec la politique.,COSO
HR-008,Human Resources,Compensation,R-HR-08,Inégalités de rémunération non détectées,Écarts injustifiés H/F ou par catégorie,Risque juridique (Index Egapro),C-HR-08,Analyse annuelle des écarts de rémunération,Calcul Index Egapro + analyse des écarts par catégorie. Plan d'action si écart,Détectif,Manuel,Annuel,Conformité,RH,Oui,Semi-auto,Index Egapro + plans d'action,Recalculer l'Index sur les données paie. Vérifier la cohérence avec le déclaré.,Loi Avenir Pro
HR-009,Human Resources,Offboarding,R-HR-09,Solde de tout compte erroné,Erreur dans le calcul du solde de départ,Risque prud'homal et coût,C-HR-09,Double contrôle des soldes de tout compte,Solde calculé par paie et revu par RH. Validation salarié obtenue,Détectif,Manuel,Permanent,Exactitude,Paie / RH,Oui,Semi-auto,Dossiers de départ,Échantillonner 15 départs. Recalculer et vérifier la trace de revue.,Code du Travail
HR-010,Human Resources,Offboarding,R-HR-10,Accès maintenus après départ,Accès SI / locaux non révoqués lors du départ,Risque sécuritaire et fuite de données,C-HR-10,Désactivation automatique des accès au départ,Workflow RH-IT déclenche révocation automatique le jour J du départ,Préventif,Automatique,Permanent,Existence,RH / IT,Oui,Auto,Workflow + journal IT,Lister 25 départs sur la période. Vérifier la date de désactivation des accès.,COSO / RGPD
HR-011,Human Resources,Compliance,R-HR-11,Formations obligatoires non suivies,Formations sécurité ou conformité non réalisées,Risque accident + sanction,C-HR-11,Suivi des formations obligatoires par SIRH,SIRH suit échéances. Relances auto + escalade manager si retard,Détectif,Automatique,Permanent,Conformité,RH,Non,Auto,Tableau de bord formations,Extraire les formations obligatoires en retard. Vérifier les actions.,Code du Travail
HR-012,Human Resources,Data Privacy,R-HR-12,Données RH accessibles sans besoin métier,Accès large aux données RH au-delà du strict nécessaire,Violation RGPD,C-HR-12,Revue annuelle des accès aux données RH,Revue par RH + DPO des profils ayant accès au SIRH. Principe du moindre privilège,Détectif,Manuel,Annuel,Conformité,RH / DPO / IT,Oui,Semi-auto,Rapport d'accès SIRH + revues,Extraire les utilisateurs SIRH. Vérifier la justification métier de chaque accès.,RGPD
PAY-001,Payroll,Master Data,R-PAY-01,Salarié fictif sur la paie,Maintien d'un salarié fictif ou départ non sorti,Détournement de salaire,C-PAY-01,Rapprochement effectifs paie vs SIRH,Rapprochement mensuel des salariés payés vs effectifs SIRH actifs. Écarts justifiés,Détectif,Automatique,Mensuel,Existence,Paie / RH,Oui,Auto,Rapport de rapprochement,Recalculer l'écart sur 3 mois. Investiguer les écarts non résolus.,COSO / SOX
PAY-002,Payroll,Master Data,R-PAY-02,Modification non autorisée des données paie,"Modification du RIB, salaire, primes sans validation",Fraude ou erreur de paie,C-PAY-02,Workflow de modification + journal d'audit,Toute modification dans le SIRH/Paie tracée et validée selon matrice,Préventif,Manuel,Permanent,Autorisation,Paie,Oui,Semi-auto,Journal SIRH + workflow,Sélectionner 25 modifications. Vérifier la validation et le journal.,COSO / SOX
PAY-003,Payroll,Master Data,R-PAY-03,Modification RIB salarié frauduleuse,Changement de RIB pour rediriger un salaire,Fraude au virement (interne ou externe),C-PAY-03,Double validation des changements de RIB,Changement RIB validé par salarié (auth) + Paie. Délai de carence avant prise en compte,Préventif,Manuel,Permanent,Existence,Paie,Oui,Manuel,Demande signée + workflow,Sélectionner 15 changements RIB. Vérifier double validation et délai.,ANSSI / AFA
PAY-004,Payroll,Calculation,R-PAY-04,Erreur de calcul de paie,Erreur de paramétrage entraînant un calcul de paie incorrect,Préjudice salarié + risque URSSAF,C-PAY-04,Tests de paramétrage à chaque évolution,Tout paramétrage testé avant mise en production. Validation Paie + Comptabilité,Préventif,Manuel,Continu,Exactitude,Paie / IT,Oui,Manuel,Cahier de tests + validations,Vérifier la trace de tests pour 5 évolutions. Recalculer 10 paies.,COSO
PAY-005,Payroll,Calculation,R-PAY-05,Heures supplémentaires non contrôlées,Heures sup payées sans validation hiérarchique,Surcoût et risque de fraude,C-PAY-05,Validation manager des heures supplémentaires,Toute heure sup validée par manager + alerte si dépassement contingent annuel,Préventif,Manuel,Mensuel,Autorisation,Manager / Paie,Oui,Semi-auto,Validation + tableaux de suivi,Échantillonner 25 heures sup. Vérifier validation et respect du contingent.,Code du Travail
PAY-006,Payroll,Variables,R-PAY-06,Primes ou bonus non justifiés,Versement de variables sans support,Subjectivité ou détournement,C-PAY-06,Justificatif obligatoire pour primes exceptionnelles,Toute prime exceptionnelle nécessite ordre signé manager + RH,Préventif,Manuel,Permanent,Autorisation,RH / Paie,Oui,Manuel,Ordres de prime signés,Échantillonner 20 primes. Vérifier la signature et la cohérence.,COSO
PAY-007,Payroll,Calculation,R-PAY-07,Cotisations sociales mal calculées,Erreur de paramétrage des taux URSSAF / retraite,Redressement URSSAF,C-PAY-07,Veille sociale et mise à jour des paramètres,Veille mensuelle des taux. Mise à jour paramétrage trimestrielle a minima,Préventif,Manuel,Trimestriel,Conformité,Paie / Fiscalité,Oui,Semi-auto,Notes de veille + paramétrage,Vérifier les taux appliqués vs taux officiels sur 3 mois.,URSSAF / SOX
PAY-008,Payroll,Approval,R-PAY-08,Paie validée sans contrôle,Bordereau de paie envoyé en banque sans revue,Erreur ou fraude non détectée,C-PAY-08,Validation hiérarchique du bordereau de paie,Bordereau revu par RH + Comptabilité avant transmission banque. Variations vs N-1 expliquées,Préventif,Manuel,Mensuel,Exactitude,RH / Comptabilité,Oui,Manuel,Bordereau signé + analyse écart,Échantillonner 3 mois. Vérifier la trace de revue et l'analyse des variations.,COSO / SOX
PAY-009,Payroll,Disbursement,R-PAY-09,Paiement vers compte autre que salarié,Virement de paie vers un IBAN ne correspondant pas au RIB salarié,Fraude au virement,C-PAY-09,Cohérence IBAN paiement vs SIRH,Le fichier de virements rapproché du SIRH avant transmission. Écart bloque,Préventif,Automatique,Mensuel,Existence,Paie / Trésorerie,Oui,Auto,Log de rapprochement,Tester l'introduction d'un IBAN non SIRH. Vérifier le blocage.,ANSSI / AFA
PAY-010,Payroll,Reporting,R-PAY-10,DSN incorrecte ou en retard,DSN erronée ou non transmise,Sanction administrative,C-PAY-10,Contrôles automatiques avant envoi DSN,Contrôles bloquants paramétrés. Validation Paie + envoi automatique selon calendrier,Préventif,Automatique,Mensuel,Conformité,Paie,Oui,Auto,Logs DSN + accusés,Vérifier la transmission et les contrôles bloqués sur 3 DSN.,net-entreprises / DSN
PAY-011,Payroll,Reconciliation,R-PAY-11,Compte de paie non rapproché,Soldes des comptes de paie en GL non justifiés,Erreur ou détournement non détecté,C-PAY-11,Rapprochement mensuel paie vs GL,Rapprochement formalisé entre la masse salariale paie et le GL chaque mois,Détectif,Manuel,Mensuel,Exactitude,Comptabilité,Oui,Semi-auto,Rapprochement signé,Sélectionner 3 mois. Vérifier la cohérence et la résolution des écarts.,COSO / SOX
PAY-012,Payroll,Access,R-PAY-12,Accès trop large au système de paie,Utilisateurs avec droits étendus sur la paie,Risque de manipulation,C-PAY-12,Revue trimestrielle des accès paie,Revue Paie + IT des profils ayant accès au calcul / paramétrage / virements,Détectif,Manuel,Trimestriel,Autorisation,Paie / IT,Oui,Semi-auto,Rapport accès + revues,Extraire les utilisateurs avec droits sensibles. Justifier chaque accès.,COSO / SOX / RGPD
PAY-013,Payroll,Compliance,R-PAY-13,"Non-respect des seuils légaux (SMIC, congés)",Application incorrecte des minima légaux,Risque prud'homal et URSSAF,C-PAY-13,Contrôles de conformité paramétrés,"Alertes auto sur paie inférieure SMIC, dépassement durée, congés non pris",Détectif,Automatique,Mensuel,Conformité,Paie,Non,Auto,Rapports d'alerte,Vérifier les alertes émises sur 3 mois et leur traitement.,Code du Travail
TRE-001,Treasury,Bank Account Management,R-TRE-01,Compte bancaire non autorisé,Ouverture d'un compte bancaire sans autorisation appropriée,Risque de comptes off-the-books,C-TRE-01,Centralisation des ouvertures de compte,Toute ouverture validée par DAF + Direction Générale. Liste exhaustive maintenue,Préventif,Manuel,Permanent,Existence,DAF / Trésorerie,Oui,Manuel,Liste des comptes + dossiers d'ouverture,Comparer la liste interne avec les confirmations bancaires annuelles. Investiguer les écarts.,COSO / SOX
TRE-002,Treasury,Bank Account Management,R-TRE-02,Pouvoirs bancaires obsolètes,Personnes parties ou en changement de fonction conservent des pouvoirs bancaires,Risque de fraude,C-TRE-02,Revue trimestrielle des pouvoirs bancaires,Revue trimestrielle de la matrice des pouvoirs vs effectifs. Mise à jour banque,Détectif,Manuel,Trimestriel,Autorisation,Trésorerie / RH,Oui,Manuel,Matrice pouvoirs + courriers banque,Comparer la matrice avec les RH (mouvements). Vérifier les courriers banque.,COSO / SOX
TRE-003,Treasury,Cash Forecasting,R-TRE-03,Prévision de trésorerie inexacte,Forecasting erroné menant à un déficit de trésorerie,Coût d'intérêt + risque liquidité,C-TRE-03,Forecast hebdomadaire avec analyse d'écarts,Forecast 13 semaines glissant. Analyse hebdo des écarts vs réel,Détectif,Manuel,Hebdomadaire,Évaluation,Trésorerie,Non,Semi-auto,Forecasts + analyses d'écarts,Comparer forecasts et réalisé sur 8 semaines. Investiguer les écarts >10%.,COSO
TRE-004,Treasury,Investments,R-TRE-04,Placement non conforme à la politique,Placement dans un instrument non autorisé ou hors limite,Risque financier,C-TRE-04,Politique de placement formalisée et appliquée,Politique définit instruments / contreparties / durées autorisés. Tout placement validé,Préventif,Manuel,Permanent,Conformité,Trésorerie / DAF,Oui,Manuel,Politique + ordres signés,Échantillonner 20 placements. Vérifier la conformité à la politique.,COSO
TRE-005,Treasury,Investments,R-TRE-05,Concentration excessive sur une contrepartie,Trop de placements concentrés sur une banque,Risque de contrepartie,C-TRE-05,Limites par contrepartie et reporting,Limites par contrepartie. Reporting mensuel d'exposition. Alertes auto,Détectif,Automatique,Mensuel,Évaluation,Trésorerie,Oui,Auto,Reporting d'exposition,Recalculer l'exposition par contrepartie. Vérifier le respect des limites.,COSO / Bâle
TRE-006,Treasury,Payments,R-TRE-06,Paiement non autorisé,Décaissement sans validation appropriée,Détournement,C-TRE-06,Workflow de validation multi-niveaux,Tout paiement validé selon matrice de signatures avant transmission banque,Préventif,Manuel,Permanent,Autorisation,Trésorerie,Oui,Semi-auto,Workflow + signatures,Sélectionner 25 paiements. Vérifier les signatures vs matrice.,COSO / SOX
TRE-007,Treasury,Payments,R-TRE-07,Manipulation du fichier de paiement,Modification du fichier après validation et avant transmission,Détournement par injection de virements,C-TRE-07,Hash et signature du fichier de paiement,Le fichier signé électroniquement. Hash vérifié à la transmission,Préventif,Automatique,Permanent,Existence,Trésorerie / IT,Oui,Auto,Hash + logs de transmission,Tenter une modification entre validation et transmission. Vérifier la détection.,ANSSI / SOX
TRE-008,Treasury,FX,R-TRE-08,Position de change non couverte,Exposition FX au-delà de la politique,Perte de change,C-TRE-08,Mesure et couverture des positions FX,Position calculée quotidiennement. Couverture systématique au-delà du seuil,Préventif,Manuel,Quotidien,Évaluation,Trésorerie,Oui,Semi-auto,Reporting positions + ordres de couverture,Recalculer la position. Vérifier les couvertures et leur conformité.,COSO / IFRS 9
TRE-009,Treasury,Debt,R-TRE-09,Covenants non respectés,Dépassement des ratios contractuels avec les banques,Exigibilité anticipée,C-TRE-09,Suivi mensuel des covenants,Ratios calculés mensuellement. Reporting et alertes en cas de tension,Détectif,Manuel,Mensuel,Conformité,Trésorerie / DAF,Oui,Semi-auto,Reporting covenants,Recalculer les ratios sur 3 mois. Vérifier la communication banque.,COSO / SOX
TRE-010,Treasury,Reconciliation,R-TRE-10,Compte bancaire non rapproché,Écart entre relevé bancaire et compte comptable,Erreur ou fraude non détectée,C-TRE-10,Rapprochement bancaire mensuel,Tous les comptes rapprochés mensuellement. Items >30j investigués,Détectif,Manuel,Mensuel,Exactitude,Comptabilité,Oui,Semi-auto,Rapprochements signés,Échantillonner 10 comptes. Vérifier le rapprochement et les items en suspens.,COSO / SOX
TRE-011,Treasury,Reconciliation,R-TRE-11,Encaissement non identifié,Encaissement bancaire non rattaché à un client,Risque de blanchiment ou fraude,C-TRE-11,Investigation des encaissements non identifiés,Tout encaissement non identifié sous 5 jours fait l'objet d'une investigation,Détectif,Manuel,Hebdomadaire,Existence,Trésorerie / Comptabilité,Non,Manuel,Liste des encaissements + investigations,Lister les encaissements non identifiés sur la période. Vérifier le délai de résolution.,COSO / FATF
TRE-012,Treasury,Fraud Prevention,R-TRE-12,Fraude au président / faux ordre de virement,Demande frauduleuse imitant un dirigeant,Détournement de fonds,C-TRE-12,Procédure anti-FOVI avec callback,Tout virement urgent / inhabituel exige callback sur numéro vérifié + double validation,Préventif,Manuel,Permanent,Existence,Trésorerie,Oui,Manuel,Procédure + traces de callback,Tester avec un cas simulé. Échantillonner 10 virements urgents et vérifier le callback.,ANSSI / AFA
TRE-013,Treasury,System Access,R-TRE-13,Accès large à l'outil de trésorerie,Profils trop larges sur le TMS,Risque de fraude,C-TRE-13,Revue trimestrielle des accès TMS,Revue des profils par Trésorerie + IT. Principe du moindre privilège,Détectif,Manuel,Trimestriel,Autorisation,Trésorerie / IT,Oui,Semi-auto,Rapports accès + revues,Extraire les utilisateurs TMS. Vérifier la justification métier.,COSO / SOX
FA-001,Fixed Assets,Acquisition,R-FA-01,Acquisition non autorisée,Investissement engagé sans validation appropriée,Allocation de capital non maîtrisée,C-FA-01,Capex authorization workflow,Tout investissement validé selon matrice (montant + nature). Capex plan annuel,Préventif,Manuel,Permanent,Autorisation,DAF / Direction,Oui,Semi-auto,Workflow Capex + plan annuel,Échantillonner 20 capex. Vérifier la validation et la cohérence avec le plan.,COSO / SOX
FA-002,Fixed Assets,Acquisition,R-FA-02,Capitalisation incorrecte,Charge comptabilisée à tort en immo (ou inversement),Distorsion du résultat et du bilan,C-FA-02,Critères de capitalisation documentés,Politique définit les seuils et critères. Cas limites validés Comptabilité,Préventif,Manuel,Permanent,Cut-off,Comptabilité,Oui,Manuel,Politique + dossiers de cas limites,Échantillonner 20 capex et 20 charges proches du seuil. Vérifier le traitement.,COSO / IAS 16
FA-003,Fixed Assets,Master Data,R-FA-03,Immobilisation fictive,Création d'une immobilisation sans existence physique,Détournement ou erreur,C-FA-03,Réception physique avant capitalisation,Capitalisation sur réception physique tracée. Photo + bon de réception,Préventif,Manuel,Permanent,Existence,Comptabilité / Logistique,Oui,Semi-auto,Bons de réception + photos,Échantillonner 25 capitalisations. Vérifier l'existence physique.,COSO / SOX
FA-004,Fixed Assets,Depreciation,R-FA-04,Durée d'amortissement inappropriée,Application d'une durée non conforme à la politique ou à la durée d'utilité,Distorsion du résultat,C-FA-04,Politique d'amortissement par catégorie,Durées définies par catégorie d'immo. Revue annuelle de la durée d'utilité,Préventif,Manuel,Annuel,Évaluation,Comptabilité,Oui,Semi-auto,Politique + table d'amortissement,Échantillonner 25 immos. Vérifier la durée appliquée vs politique.,COSO / IAS 16
FA-005,Fixed Assets,Depreciation,R-FA-05,Calcul d'amortissement erroné,Erreur de paramétrage ou de calcul,Distorsion comptable,C-FA-05,Calcul automatique avec contrôles,Calcul automatisé dans le module FA. Rapprochement mensuel charge / paramètres,Préventif,Automatique,Mensuel,Exactitude,Comptabilité / IT,Oui,Auto,Logs + rapprochement,Recalculer l'amortissement de 20 immos. Comparer au calcul système.,COSO / SOX
FA-006,Fixed Assets,Impairment,R-FA-06,Indicateur d'impairment ignoré,Non-prise en compte d'indicateurs de dépréciation,Surévaluation des actifs,C-FA-06,Revue annuelle des indicateurs d'impairment,"Revue formalisée des indicateurs (perte, non-utilisation, obsolescence) avec test si signal",Détectif,Manuel,Annuel,Évaluation,Comptabilité / DAF,Oui,Manuel,Note de revue + tests,Vérifier la trace de revue. Échantillonner 5 actifs avec signal et tests.,IAS 36 / SOX
FA-007,Fixed Assets,Disposal,R-FA-07,Cession non autorisée,Sortie d'actif sans validation appropriée,Vente sous-évaluée ou détournement,C-FA-07,Workflow de cession et matrice,Toute cession validée selon matrice. Prix justifié (devis externes pour cessions importantes),Préventif,Manuel,Permanent,Autorisation,DAF,Oui,Semi-auto,Workflow + dossiers de cession,Échantillonner 15 cessions. Vérifier la validation et le prix.,COSO / SOX
FA-008,Fixed Assets,Disposal,R-FA-08,Sortie comptable non effectuée,Actif cédé physiquement mais maintenu en compta,Surévaluation des actifs,C-FA-08,Rapprochement annuel inventaire physique,Inventaire physique annuel rapproché avec la liste compta. Écarts investigués,Détectif,Manuel,Annuel,Existence,Comptabilité / Opérations,Oui,Manuel,PV d'inventaire + rapprochement,Vérifier le PV et le rapprochement. Échantillonner 30 actifs et tester l'existence.,COSO / SOX
FA-009,Fixed Assets,Inventory,R-FA-09,Vol ou perte d'actif non détecté,Disparition d'un actif sans détection,Perte économique non comptabilisée,C-FA-09,Tagging et inventaire physique tournant,Tous les actifs >seuil tagués. Inventaire tournant trimestriel par site,Détectif,Manuel,Trimestriel,Existence,Opérations,Non,Manuel,Tags + PV d'inventaire,Vérifier la couverture du tagging. Tester 20 actifs choisis aléatoirement.,COSO
FA-010,Fixed Assets,CWIP,R-FA-10,Construction en cours non transférée,CWIP maintenu après mise en service,Retard d'amortissement,C-FA-10,Revue mensuelle du CWIP,Revue mensuelle des projets en CWIP. Mise en service tracée et déclenche le transfert,Détectif,Manuel,Mensuel,Cut-off,Comptabilité / Projets,Oui,Semi-auto,Reporting CWIP + transferts,Échantillonner 10 projets. Vérifier la cohérence des dates de mise en service.,COSO / IAS 16
FA-011,Fixed Assets,Reconciliation,R-FA-11,Module FA non rapproché avec GL,Écart entre le sous-grand-livre FA et le GL,Erreur ou manipulation non détectée,C-FA-11,Rapprochement mensuel module FA / GL,Rapprochement formalisé mensuel. Items en suspens investigués,Détectif,Manuel,Mensuel,Exactitude,Comptabilité,Oui,Semi-auto,Rapprochement signé,Sélectionner 3 mois. Vérifier le rapprochement.,COSO / SOX
ITA-001,IT - Access Management,User Provisioning,R-ITA-01,Création d'accès non autorisée,Création de compte utilisateur sans demande validée,Accès non maîtrisé aux systèmes,C-ITA-01,Workflow de provisioning avec validation manager,Toute création de compte déclenchée par RH ou demande validée par manager + IT,Préventif,Manuel,Permanent,Autorisation,IT / RH,Oui,Semi-auto,Workflow IAM + tickets,Échantillonner 25 créations. Vérifier la trace de validation.,COSO / NIST AC-2 / ISO 27001 A.9
ITA-002,IT - Access Management,User Provisioning,R-ITA-02,Profil de droits trop large,Attribution d'un profil dépassant le besoin métier,Risque de fraude / fuite,C-ITA-02,Catalogue de rôles avec validation métier,Rôles définis avec owner métier. Attribution selon catalogue. Exceptions justifiées,Préventif,Manuel,Permanent,Autorisation,IT / Métier,Oui,Semi-auto,Catalogue + dossiers d'exception,Échantillonner 20 attributions. Vérifier la cohérence avec le rôle catalogue.,NIST AC-6 / ISO A.9.2.3
ITA-003,IT - Access Management,Privileged Access,R-ITA-03,Compte privilégié non maîtrisé,Comptes admin partagés ou non tracés,Risque majeur de compromission,C-ITA-03,PAM (Privileged Access Management),Comptes privilégiés gérés par solution PAM. Sessions enregistrées + check-in/check-out,Préventif,Automatique,Continu,Autorisation,IT Sécurité,Oui,Auto,Logs PAM + enregistrements,Lister les comptes privilégiés. Vérifier qu'ils passent par le PAM.,NIST AC-6(5) / ISO A.9.2.3
ITA-004,IT - Access Management,Privileged Access,R-ITA-04,MFA non activé sur les comptes sensibles,Authentification simple sur des accès critiques,Compromission par mot de passe seul,C-ITA-04,MFA obligatoire sur comptes sensibles,MFA forcé sur admin / VPN / cloud / accès distants. Surveillance de la couverture,Préventif,Automatique,Continu,Existence,IT Sécurité,Oui,Auto,Politique MFA + reporting,Vérifier la couverture MFA. Tenter une connexion sans MFA sur un compte cible.,NIST IA-2 / ANSSI / ISO A.9.4.2
ITA-005,IT - Access Management,Authentication,R-ITA-05,Politique de mot de passe insuffisante,Complexité ou rotation non conforme aux bonnes pratiques,Compromission par brute-force,C-ITA-05,Politique de mot de passe technique,Longueur min 12 + complexité + historique + verrouillage. Imposée techniquement,Préventif,Automatique,Continu,Existence,IT Sécurité,Oui,Auto,Paramétrage AD + audit,Extraire la politique appliquée. Vérifier conformité avec le standard ANSSI.,NIST IA-5 / ANSSI / ISO A.9.4.3
ITA-006,IT - Access Management,User Lifecycle,R-ITA-06,Comptes inactifs non désactivés,Comptes dormants exploitables par un attaquant,Compromission silencieuse,C-ITA-06,Désactivation automatique des comptes inactifs,Comptes >90j sans connexion désactivés automatiquement. Exceptions tracées,Préventif,Automatique,Continu,Existence,IT,Oui,Auto,Reporting inactivité + désactivations,Lister les comptes inactifs >90j encore actifs. Vérifier les exceptions.,NIST AC-2 / CIS 5.3
ITA-007,IT - Access Management,User Lifecycle,R-ITA-07,Accès maintenus après départ,Salarié parti conserve des accès SI,Risque de fuite ou sabotage,C-ITA-07,Workflow RH-IT pour la révocation,Désactivation déclenchée le jour J du départ par workflow RH-IT. SLA de 24h,Préventif,Automatique,Permanent,Existence,RH / IT,Oui,Auto,Workflow + logs IAM,Lister les départs sur la période. Vérifier le délai de désactivation.,NIST AC-2 / RGPD / ISO A.9.2.6
ITA-008,IT - Access Management,User Lifecycle,R-ITA-08,Accès non mis à jour après mobilité,Salarié change de poste mais conserve les anciens droits (rights creep),Cumul de droits non justifié,C-ITA-08,Réinitialisation des droits à chaque mobilité,Mobilité interne déclenche revue + réinitialisation des droits selon nouveau rôle,Préventif,Manuel,Permanent,Autorisation,RH / IT / Manager,Oui,Semi-auto,Workflow mobilité,Échantillonner 15 mobilités. Vérifier la revue des droits.,NIST AC-6 / ISO A.9.2.5
ITA-009,IT - Access Management,Access Reviews,R-ITA-09,Pas de revue périodique des accès,Accumulation d'accès obsolètes non détectée,Privilege creep généralisé,C-ITA-09,Revue trimestrielle des accès par owner,Owner métier valide chaque trimestre les accès de son périmètre. Désactivation auto si pas de validation,Détectif,Manuel,Trimestriel,Autorisation,Owners métier / IT,Oui,Semi-auto,Campagnes de revue + traces,Vérifier le taux de complétion. Échantillonner 20 utilisateurs et tester la revue.,NIST AC-2(7) / SOX / ISO A.9.2.5
ITA-010,IT - Access Management,SoD,R-ITA-10,Conflit de ségrégation des tâches,Utilisateur cumulant des droits incompatibles,Risque de fraude,C-ITA-10,Matrice SoD et contrôles continus,Matrice SoD définie. Contrôle continu des conflits. Remediation des cas existants,Détectif,Automatique,Continu,Autorisation,IT / Métier,Oui,Auto,Matrice + rapports SoD,Extraire la matrice. Identifier les conflits et leur traitement.,COSO / SOX
ITA-011,IT - Access Management,Authentication,R-ITA-11,Comptes par défaut ou techniques mal protégés,Comptes built-in avec mots de passe par défaut,Voie d'attaque connue,C-ITA-11,Désactivation ou changement des comptes par défaut,Tous les comptes par défaut désactivés ou mots de passe changés. Vérification au déploiement,Préventif,Manuel,Permanent,Existence,IT Sécurité,Oui,Manuel,Procédure de hardening + checklist,Tester sur un échantillon de systèmes les comptes par défaut.,CIS 5.2 / ANSSI / NIST IA-5
ITA-012,IT - Access Management,Logging,R-ITA-12,Activité d'accès non journalisée,Connexions / actions sensibles non loggées,Impossibilité d'investigation,C-ITA-12,Journalisation centralisée des accès,Logs d'authentification et d'actions sensibles centralisés (SIEM). Rétention 12 mois,Détectif,Automatique,Continu,Conformité,IT Sécurité,Oui,Auto,SIEM + rétention,Vérifier la complétude des logs collectés. Tester la rétention.,NIST AU-2 / ISO A.12.4
ITA-013,IT - Access Management,Service Accounts,R-ITA-13,Comptes de service non contrôlés,Comptes applicatifs non documentés ou avec mot de passe en clair,Risque de compromission,C-ITA-13,Inventaire et coffre-fort des comptes de service,Inventaire à jour. Mots de passe stockés dans coffre-fort. Rotation régulière,Préventif,Manuel,Trimestriel,Existence,IT Sécurité,Oui,Semi-auto,Inventaire + coffre,Échantillonner 15 services. Vérifier la présence dans l'inventaire et le coffre.,NIST IA-5 / CIS 5.4
ITA-014,IT - Access Management,Remote Access,R-ITA-14,Accès distant non sécurisé,VPN ou accès distant sans contrôles suffisants,Voie d'intrusion,C-ITA-14,Sécurisation des accès distants,VPN avec MFA + posture des postes vérifiée. Logs et alertes anomalies,Préventif,Automatique,Continu,Existence,IT Sécurité,Oui,Auto,Politique VPN + logs,Tester un accès sans MFA ou avec poste non conforme. Vérifier le blocage.,NIST AC-17 / ISO A.13.1
ITD-001,IT - Data,Data Classification,R-ITD-01,Données non classifiées,Absence de classification empêche d'appliquer les bons contrôles,Sur ou sous-protection des données,C-ITD-01,Politique et schéma de classification des données,Politique définissant les niveaux (Public / Interne / Confidentiel / Secret) avec règles associées,Préventif,Manuel,Permanent,Conformité,DPO / IT Sécurité,Oui,Manuel,Politique + tags,Vérifier la couverture sur les principaux jeux de données. Échantillonner 10 datasets.,NIST RA-2 / ISO A.8.2 / RGPD
ITD-002,IT - Data,Data Inventory,R-ITD-02,Inventaire des données absent ou obsolète,Pas de visibilité sur les données détenues,Risque RGPD et fuite non détectée,C-ITD-02,Cartographie des traitements (registre RGPD),Registre des traitements à jour. Revue annuelle. Lien avec systèmes hébergeant les données,Préventif,Manuel,Annuel,Conformité,DPO,Oui,Manuel,Registre RGPD,Vérifier la complétude vs systèmes connus. Échantillonner 5 traitements.,RGPD Art. 30 / NIST PM-5
ITD-003,IT - Data,Encryption,R-ITD-03,Données sensibles non chiffrées au repos,Stockage en clair de données confidentielles,Fuite en cas de compromission,C-ITD-03,Chiffrement obligatoire pour données sensibles,Données classifiées >Confidentiel chiffrées au repos (DB / fichiers / sauvegardes),Préventif,Automatique,Continu,Conformité,IT Sécurité,Oui,Auto,Configuration + scans,Tester sur un échantillon. Vérifier les configurations de chiffrement.,NIST SC-28 / ISO A.10 / RGPD Art. 32
ITD-004,IT - Data,Encryption,R-ITD-04,Transmission de données en clair,Échanges non chiffrés sur le réseau,Interception possible,C-ITD-04,Chiffrement TLS obligatoire pour les échanges,TLS 1.2+ obligatoire pour toute connexion. Configuration vérifiée et auditée,Préventif,Automatique,Continu,Conformité,IT Sécurité,Oui,Auto,Configuration + scans SSL Labs,Tester avec un outil (SSL Labs). Vérifier les versions TLS acceptées.,NIST SC-8 / ISO A.10.1
ITD-005,IT - Data,Backups,R-ITD-05,Sauvegardes incomplètes ou indisponibles,Sauvegarde absente ou non restaurable,Perte de données en cas d'incident,C-ITD-05,Politique de sauvegarde 3-2-1 et tests,Sauvegardes selon règle 3-2-1. Tests de restauration mensuels documentés,Préventif,Manuel,Mensuel,Existence,IT Infra,Oui,Semi-auto,Politique + PV de tests,Vérifier les PV de restauration sur 3 mois. Tester une restauration en direct.,NIST CP-9 / ISO A.12.3 / CIS 11
ITD-006,IT - Data,Backups,R-ITD-06,Sauvegardes non protégées contre le ransomware,Sauvegardes accessibles depuis le SI compromis,Sauvegardes chiffrées par l'attaquant,C-ITD-06,Sauvegardes immutables ou hors-ligne,Au moins une copie immutable (WORM) ou air-gapped. Test de récupération depuis cette copie,Préventif,Automatique,Permanent,Existence,IT Infra / Sécurité,Oui,Auto,Configuration + tests,Vérifier l'isolation. Tester une attaque simulée sur les sauvegardes.,NIST CP-6 / CISA / ANSSI
ITD-007,IT - Data,DLP,R-ITD-07,Fuite de données par les utilisateurs,Envoi accidentel ou volontaire de données sensibles,Sanction RGPD + fuite,C-ITD-07,DLP sur les canaux de fuite (email / cloud / USB),DLP déployé sur email + cloud + USB. Politiques basées sur la classification,Détectif,Automatique,Continu,Conformité,IT Sécurité,Oui,Auto,Console DLP + alertes,Vérifier la couverture. Tester l'envoi d'un échantillon de données classifiées.,NIST SC-7 / RGPD / ISO A.13
ITD-008,IT - Data,Access to Data,R-ITD-08,Accès aux données non tracé,Pas de log des accès aux données sensibles,Impossibilité d'investiguer une fuite,C-ITD-08,Audit logging sur les accès aux données sensibles,Logs des accès et exports tracés. Centralisation SIEM. Alertes sur volumes anormaux,Détectif,Automatique,Continu,Conformité,IT Sécurité,Oui,Auto,SIEM + alertes,Vérifier la couverture du logging. Tester une alerte sur volume anormal.,NIST AU-2 / RGPD / ISO A.12.4
ITD-009,IT - Data,Data Retention,R-ITD-09,Données conservées au-delà du délai légal,Rétention excessive en violation du RGPD,Sanction RGPD,C-ITD-09,Politique de rétention et purges automatiques,Politique définit les durées par type de donnée. Purges automatiques paramétrées,Préventif,Automatique,Permanent,Conformité,DPO / IT,Oui,Auto,Politique + logs de purge,Vérifier la politique vs RGPD. Tester l'effectivité des purges.,RGPD Art. 5 / NIST SI-12
ITD-010,IT - Data,Data Subject Rights,R-ITD-10,Demandes RGPD non traitées dans les délais,Droits des personnes (accès / effacement / portabilité) non honorés,Sanction CNIL,C-ITD-10,Procédure et outil de traitement des demandes,Procédure documentée. Outil de suivi avec SLA légal (1 mois max). Reporting trimestriel,Détectif,Manuel,Permanent,Conformité,DPO,Oui,Semi-auto,Outil de suivi + reporting,Échantillonner 10 demandes. Vérifier le respect du délai et la complétude.,RGPD Art. 12-22
ITD-011,IT - Data,Third Party,R-ITD-11,Sous-traitants ne respectant pas le RGPD,Données transmises à des tiers sans garanties,Responsabilité conjointe,C-ITD-11,Clauses RGPD et audit des sous-traitants,Contrats avec clauses Art. 28. Évaluation initiale + audit annuel des principaux sous-traitants,Préventif,Manuel,Annuel,Conformité,DPO / Achats,Oui,Manuel,Contrats + rapports d'audit,Échantillonner 10 sous-traitants. Vérifier les contrats et les rapports d'audit.,RGPD Art. 28
ITD-012,IT - Data,Pseudonymization,R-ITD-12,Données personnelles non pseudonymisées en non-prod,Données réelles dans environnements de test/dev,Risque de fuite,C-ITD-12,Anonymisation systématique des données non-prod,Process d'anonymisation appliqué à toute copie de données vers non-prod,Préventif,Automatique,Permanent,Conformité,IT / DPO,Oui,Auto,Process + scans environnements,Auditer un échantillon d'environnements non-prod. Détecter les données réelles.,RGPD Art. 25 / NIST SC-28
ITD-013,IT - Data,Incident Response,R-ITD-13,Violation de données non détectée ou non notifiée,Fuite non détectée ou notification CNIL >72h,Sanction RGPD,C-ITD-13,Procédure de gestion des violations de données,Procédure avec rôles + délais de notification CNIL (72h) et personnes concernées. Tests annuels,Détectif,Manuel,Annuel,Conformité,DPO / IT Sécurité,Oui,Manuel,Procédure + exercices,Vérifier la procédure. Échantillonner les violations de l'année et leur traitement.,RGPD Art. 33-34 / NIST IR
ITD-014,IT - Data,Data Quality,R-ITD-14,Qualité des données critiques dégradée,Données erronées ou incohérentes,Décisions sur des données fausses,C-ITD-14,Contrôles qualité sur les données critiques,Règles de qualité définies sur les datasets critiques. Reporting et plans d'action,Détectif,Automatique,Mensuel,Exactitude,Data Owners / IT,Non,Auto,Tableau de bord qualité,Vérifier les règles définies et le suivi des écarts.,DAMA / COSO
RD-001,R&D,Project Initiation,R-RD-01,Projet R&D non aligné avec la stratégie,Lancement de projet sans cadrage stratégique,Allocation budgétaire inefficace,C-RD-01,Comité d'investissement R&D,Tout projet >seuil validé en comité avec business case + alignement stratégique,Préventif,Manuel,Permanent,Autorisation,Direction R&D / DAF,Oui,Manuel,PV de comité + business cases,Échantillonner 10 projets. Vérifier la trace de validation comité.,COSO
RD-002,R&D,Project Initiation,R-RD-02,Doublons ou silos R&D,Plusieurs équipes travaillant sur le même sujet,Gaspillage de ressources,C-RD-02,Portfolio management R&D centralisé,Outil de portfolio listant tous les projets. Revue trimestrielle pour détection des doublons,Détectif,Manuel,Trimestriel,Existence,Direction R&D,Non,Semi-auto,Outil portfolio + revues,Comparer les projets actifs entre équipes. Détecter les chevauchements.,COSO
RD-003,R&D,IP Protection,R-RD-03,Propriété intellectuelle non protégée,Pas de dépôt brevet ou de protection des inventions,Perte de PI au profit des concurrents,C-RD-03,Processus de protection de la PI,Comité PI évalue chaque innovation. Dépôt brevet / NDA / secret selon stratégie,Préventif,Manuel,Permanent,Existence,R&D / Juridique,Oui,Manuel,Comité PI + dépôts,Échantillonner 10 inventions. Vérifier la décision de protection et son exécution.,COSO
RD-004,R&D,IP Protection,R-RD-04,Cession de PI par contrat mal cadré,Travaux sous-traités sans clause de transfert de PI,Perte de propriété,C-RD-04,Clauses de PI dans tous les contrats R&D,Modèles de contrat avec clauses de cession PI. Revue Juridique systématique pour contrats R&D,Préventif,Manuel,Permanent,Conformité,Juridique / Achats,Oui,Manuel,Contrats + revue juridique,Échantillonner 15 contrats R&D. Vérifier la présence et la validité des clauses PI.,COSO / Code PI
RD-005,R&D,Confidentiality,R-RD-05,Fuite de R&D par sous-traitant ou partenaire,Information stratégique non protégée,Perte d'avantage concurrentiel,C-RD-05,NDA et accès cloisonné,NDA signés avant tout échange. Accès aux données R&D limité au strict nécessaire,Préventif,Manuel,Permanent,Existence,R&D / Juridique / IT,Oui,Manuel,NDA + matrices d'accès,Échantillonner 15 partenaires. Vérifier NDA + cohérence des accès.,COSO / ISO 27001
RD-006,R&D,Capitalization,R-RD-06,Capitalisation incorrecte des frais de R&D,Charge passée à tort en capital (ou inverse),Distorsion du résultat,C-RD-06,Critères de capitalisation IFRS appliqués et tracés,Critères IAS 38 appliqués (faisabilité technique / commerciale / ressources). Dossier par projet,Préventif,Manuel,Permanent,Cut-off,Comptabilité / R&D,Oui,Manuel,Dossiers de capitalisation,Échantillonner 10 projets capitalisés. Vérifier les critères IAS 38.,IAS 38 / SOX
RD-007,R&D,Time Tracking,R-RD-07,Temps R&D mal alloué,Saisie incorrecte des temps par projet,Capitalisation et CIR erronés,C-RD-07,Time tracking validé par chef de projet,Saisie hebdomadaire validée par chef de projet. Cohérence avec planning,Préventif,Manuel,Hebdomadaire,Exactitude,R&D / Paie,Oui,Semi-auto,Outil de TT + validations,Échantillonner 25 saisies. Vérifier la validation et la cohérence.,COSO / SOX / CIR
RD-008,R&D,Tax Credit,R-RD-08,Crédit Impôt Recherche surévalué,Inclusion de dépenses non éligibles dans le CIR,Redressement fiscal + pénalités,C-RD-08,Dossier CIR documenté avec critères MESR,Dossier annuel justifiant l'éligibilité (incertitudes scientifiques + démarche). Revue par expert externe,Préventif,Manuel,Annuel,Conformité,Fiscalité / R&D,Oui,Manuel,Dossier CIR + revue externe,Échantillonner 10 dépenses. Vérifier l'éligibilité et la documentation.,CIR / BOFIP
RD-009,R&D,Project Management,R-RD-09,Dérapage budget / délai non détecté,Projet hors budget ou en retard sans alerte,Surcoût et impact stratégique,C-RD-09,Suivi mensuel des projets en comité,Comité mensuel de suivi avec KPIs (budget / délai / risques). Décisions tracées,Détectif,Manuel,Mensuel,Évaluation,Direction R&D,Non,Semi-auto,PV comités + dashboards,Vérifier les PV sur 3 mois. Échantillonner 5 projets et tester la cohérence des reportings.,COSO
RD-010,R&D,Compliance,R-RD-10,Non-conformité réglementaire des produits,Produit en développement non conforme aux normes (CE / FDA / etc.),Non-mise sur le marché,C-RD-10,Veille réglementaire et gates de conformité,Veille réglementaire active. Gates de conformité dans le cycle projet (avant industrialisation),Préventif,Manuel,Permanent,Conformité,R&D / Affaires Réglementaires,Oui,Manuel,Notes de veille + gates,Vérifier le passage des gates pour 5 projets. Cohérence avec le marquage final.,Selon secteur
RD-011,R&D,Outsourcing,R-RD-11,Sous-traitance R&D non maîtrisée,Sous-traitant ne respecte pas les exigences,Qualité dégradée + risque PI,C-RD-11,Sélection et suivi des sous-traitants R&D,Évaluation initiale (technique + financière + sécurité) + revue annuelle,Préventif,Manuel,Annuel,Évaluation,R&D / Achats,Oui,Manuel,Évaluations + revues,Échantillonner 10 sous-traitants. Vérifier les évaluations et leur fraîcheur.,COSO
RD-012,R&D,Knowledge Management,R-RD-12,Perte de savoir-faire au départ d'un expert,Connaissance critique non documentée,Risque opérationnel,C-RD-12,Documentation et knowledge transfer obligatoire,Documentation des projets imposée. Knowledge transfer formalisé avant départs clés,Préventif,Manuel,Permanent,Existence,R&D / RH,Non,Manuel,Documentation + plans KT,Échantillonner 5 départs experts récents. Vérifier la formalisation du KT.,COSO
